"","width","seq"
"1",388,"MKKKILLLGSGELGKEFVIAAQRLGQYVIAVDSYDGAPAMQVAHEKEIINMLDGNLLDQVVEKYKPDLIVPEIEAIRTERFYEYEKQGYQIVPSAKAANFTMNRKSIRDLAAKDLKLLTAKYLYASSEEELIKATEILGFPCVVKPLMSSSGKGQSVIKSPKDISKAWETSQTKGRTSTTEIIVEEFISFKSEITLLTVTQKNGKTLFCPPIGHRQERGDYQESWQPAETSEVQLKEAQRMAGAVTKELTGFGIWGVEFFLTEDQVYFSELSPRPHDTGMVTLAGTQNFNEFELHIRAILGIPISEITQERKGASAVILASTDGKIPEIKGLDIASEMPESDFRIFGKPITRPYRRMGVALSYSAKGEGTSSLRKRAILLASKIKVD*"
"2",850,"MALDKVTSPLSCDLSVRQPGKRKRKIRFLIVSRILSVSIAIRMEEIKSSAIISANIAVLGGGPMGIYLSAYLSPKAEEIFLWYDDRKKAAKIEKERIATVLEDSIALPENVRVKSEFDFLKSGSWILVIAVPSRLMEGILDELIKILDKNSSHYVFAFTKGLLSISTRKKTNCITYSEYIYKLSVTGELKNVEYTAVNGPNILGELKRGHHSFYCLASSGTQSIEIFETLFGDSRSHTKTYEDLMGLEIFGVMKNPIAIACGIASGIPECGSNFEGELISLGYSEIIALLETLGIPTKPVQEYGLADLIASCTSRYSRNKAYGHRFIHKLISGEDRPNLIERIELFFNPAEFIQKEVSQSESHVEGAFALASIISLAEEKNVDIPLYSILFQILTRRVSPTELIRFVSKSTSDEVRHISKTTTKRSGLGMASGKKFQEALSKNVLRHINSQPGMTDRIVKQSSLLVKSLEKRYKEAEESKDITDLLQIPKEIQLWNEVENKFQKTGNKDLTRILDFYVSEIADDYKPFLRDTLINLIIPIRYILNGFKSGTGLPKIGGCVKEVKALASRYDILYTPTHRSHLDSIEVAFGLKWLGLPVPRYAADKKVMATPGLANVLKSLGAYMVDRKRNRNILYLECLTQYSTMMLEAGIPTLVYPEGTRSRTGGILPIKTGILSTSVEAYKHTGSEVIVVPIVLSYENVPEDEEFCGKDKKSGFKDFFYKRKEVYMDLCEPIPVSRYIREEDPVGMIGFEITQGWRKYRRILPNQLVARLIVETGTEVKMGELRNLIKETILTKKGNYLIRDSDEILKQGLKILKQKKIVFLENENVKILDHNLIQYYANMCTDESS*"
"3",264,"MTLSSATKKYNGFFLFFLFLSYLLISSINCATYFQNRKNDLKDIFTLGVETPGYGAGLRIGPLAAGFVFQGGESTPGKRDLGKGYGLRSGYFGLYRSQQLIFGILGSDTFFPLEAETQTFETEETSETISSETAEEFKSLENSKTPGDLVPEFLNERYNIKSQKLRYLSFYNIPTAERRKRKKEEFYKRFIEGQNFDRNDPAVQNALQAFNKRKDGYPKSFLYQIEVYLGIYVGLRIGFNPAELFDFLVGLAGLDLLEDDTAD*"
"4",140,"MEVVLCGLEFRLRSITVKKILSTFSILVFILILFFCSSENKKQPPRQEFQPNSDIRMFEVGMIKEGDKRIKAEAVLGTPSVELNTQDGAILEWYLVSTDYQKNSYKTLAEKPETISEDTKFIRLTIDKKGVIKKMEYKL*"
"5",323,"MNDKGNFIKTVLVTGGSGSLGLILLPELVKNYRVVCIGRNLSSFPDSIRFHSNFVFYEVDLENDPEFSINEKPEFIIHLAGKVSGQASSLEEYKRGNELSTQKILRFASKNRTTKILFSSSSSVYGFSNQPVTETSVLNGNTFYAISKIECESLVRKSKNPFVILRIASVYGPTSKSFLNKLLKLFQYGILLYSGNPNFKKSMVHSSDVVATILIILKKWNKASGKIFNVAYPRALSSKDIEILFLKLKPGKFFFRLKFKGLILFLFNLANSLLANVFKKKVNLEYIQESSIVISDRIQKELDFQFKMDFEEGIQSVLNNTI*"
"6",105,"MKTELGHLDIPEKIRKCLHPLLPKIKTNRLDDRLAMAAILELLKNSMIQFNKTASNAHFNEAETDRGLIFQQLYFTEFEREFSGDISLRCSDQNQRYIEDFRNG*"
"7",82,"MFGSKSTLHRRFQEWVAAGVFDKIEKEALKLYERSVKIRTKRMAADGSFAKTPKGGLGETRRIAAKEALKGIFSSIGVEHL*"
"8",147,"MSTKDLFLENQICFPLYACSRALTSLYRPMLDQLGLTYPQYLVLLVLWKGDGCSVKEIGRKLYLDSGTLTPLLKRLEDSELVVRKRSEEDERSVRIFLSSKGKKLKEKAVSVPIKLLEILEVDKKSLIDLKNGLDRLLLILSEKTE*"
"9",162,"MTQTLYDLTATLNSGKEQRLEDYKGKVLLIVNTASECAFTPQYAGLQSLYGKYKTEGLEILGFPCDQFKHQEPGSDETIKNFCQKNYGVEFPIFKKIDVNGDNAHPVFRFLRKKASGFFGNSIKWNFTKFLVDKQGNVIKRYSPITTPEKIEKVIQDLLKK*"
"10",260,"MIPKYKILIPLPSADFDPSESSIPWEILKENGYEVFFATPNGKPASADFRMLTGKGLGIWKPFLIAHKKARTAYDEMISDSHFQNPLSYKDLKPENFEGLILPGGHAPGMKEYLESKELQEFVGSFFATGKPLGAICHGVVLAARSKLPGTDRSILYGKKTTALLKSQEMAAWNLTRLWLGDYYRTYPQTVEEEVKSALRDPEDFHFGPKPIFRDNHKRLKRGHAITDGNYVSSRWPGDAHSFIISFMKLFPDRERKSS*"
"11",598,"MTLIVFLSAAVISVPFFKKIGLGSVVGYLIGGIIIGPWGIGLITNVDSILHLSEFGVILLLFLIGLELKPQILWILRKPVFGLGGLQVILTFFFFFAILSFLGMEKSQVIVISISISLSSTAFALQLLGEKNELKTIHGRSAFAILLFQDLAVIPIMATLPFLAESAADPESQGSIKQIAVATGTILTVILAGRFLARPLFKLVASSGNHEIFTALSLLIVIGVSLLMDRVGLSMALGSFLGGVILADSEYRHELESNLEPFKGLFLGLFFLAVGMSINLSEVLKDPILVLFSAFILILVKATVLFFIGKISKHSNEVSLNLSVTIAQGGEFAFVILGVGVSLSILPKERADLVIAVVTLSMGLTPILEILKDKIVELIFKKDQNFKEDTIEEQNRIIVAGFGRFGQIIARMLFVHRIGFTALEHNPDQVNVARKFGYKIYYGDASKLSLLRSAGAEQADLFILAIQDIDASIKVAELVKKHFPNLTIIARARNREHVFKLMELGIQIIRRDTFASALELAGETLRKLGFIDSEVEKKVKKFRAHDELTLRGQFQIRDDEKEFIKFSKNSMRQLEVAFEADRQEKEGKISDQNLSSL*"
"12",265,"MNQVIVLFFIILSFSCFAGIRKELNYFSDSIAFYSFENGPELPSWLDRSATYLQNEEKNNFKNLIADALYQMRNKNDSLINDSAFRIFSKELSKEIAERSYEKFEHSPYHTYQLWILKKEDTINPGRRIRRTVFLLYPKVDSIHFIFFELNQFIDFQTPYTFQDWSNYSLSESNIKPSLEVYIPDSAIGALSYYKDFQGESEKFHIVFQTHFSTLEDAGVEKSRKEKDSKDIEKRLIELKNLFDKKLISEEEFKKKREEILKSL*"
"13",64,"MAQFFSQLFELLFFIHFNRRQGILGIRYEIVGSESMSTVNFFLSGVFSHCSFGTNFGKRFQEL*"
"14",56,"MKIGVKAPRNVSVHRAEVYKDIQEENKKAAETKIKPEDLGKIGDILKKKDSGKKG*"
"15",151,"MGIEIQTKPFGKMQISEKQILSFPEGLLGFEDYKKFALIEEEEESVFKWLQSVEEVDLAFVVIPPSLFKKEYKPLIPEQELQGIGIAEIEDGLMLVIVTVPGEDPSLMTANMQGPILINKETLLGKQFISRNESHSVREKILASAAVEMD*"
"16",407,"MNRHQLNMDETQNQLSTGQRIRLPSDEPGRATNQMFFRSRLNELETFQRNIDDGNSRLQQIDGELDRIGSLFQRARVLAVQASNGIYQGDKGFELEVAIGKEIDEILRALVDIANTRDATGRPLFGGHVIERPPFEPIESKIKGLQGIELKNQYIGIEYRGDIGEQLREIEKGEYIPVTIPGNKVFWGTNMSITSKVDNSGYVTSSDQKFKIDGIEIHVSAGDTIDDIIDKINNSPLEVKANKLAQDNISLSSTAPHQIWMEDIEGGTILRDIGLVDSATSEPPNNYSKSATVTGLSVFDVMIQFRNDLIQKDQERISGRDLQDLDLAMENILRYRAVVGARMNRMEEHAQRVDFDKSYMTELLSKNEGIDFPETIMNMKWLETVHQYALNVGSKIIKPTLMDFLR*"
"17",637,"MGSTFSGLEIGKRGLAAHQQALQTTGHNISNADNKHYARQRVTMTAMDPLYDPSLNRANLPGQIGQGVEIASIERIRDNFIDDRMIETSGNKDYWAARNEYLYQLETVFNEPNGTTLRTLMDKFWSSWEDLANYPEDNAHRSVVLEKANGLGSRTEDVYRKLAQLRDQANREIETKTYHMNTIAENIRTLNERIGKSEALGDKPNDLYDKRDALLQELSSLVDVTIGRSDEDELMVFIGQQILVQGNKANKIDILGNPSKDGLLDLYWSATGDPVLLRKGRLQGLIEVRDKIIREKIDQVDSLSINVMDAVNEIHKDGFGINGNTNQAFFNIRSLSINTFGEYDSNGDGQNDVTAIFRVTGRNTIDPDRPIGINGTISFNQSDVKEAPVLIPYSSNDTLNGIIKRINASRSGVVAYMNHDNQLALKATVADDHPNKNFILRHLEDSGDLLVGMTGILMASGSSGAYDYKRLGEINKLQARSEDITLTPHFHPSSHFRIADSIANNVANIAAARGKDVGGTGDYNSPGGHKDGRNALMVASALRNSPVMVDYSKTTDDFYNTLISKLGTEAREAKQEFGIQNDLMTELENMRQSVMGVNLDEEMANMVQFQHSYNASAKMINTMNEILDTIINRLGV*"
"18",176,"MKQEEWLGQLTKLFQDEINLYTDVLELETQKSIAVVKADGKSLEAIIKKTYELLVMAAEIERARMKSIEDVYRSKNFAFPETGTLTLSDFLNRLDRDSNFKLKEYASSLKSVLHRLKEKIKSNEKLILTRQEILSKTIDAMKERAMESGVNTYGSGKDPERKQTKRQALMLNASA*"
"19",344,"MQKYFRIFYIIFLTQFLNTETIFPKDKPGTKTKEIKLTNTAHHDFKKEKSKKNQKKENQEFEFIKKKEALFFFSIQTRKFAQGELLFLKLIPKKTILSKLDRIKIFWEKKEIPYTKKDSAFYAWIPISPEFNKKSGILEIYNKNLFRKNDYKEYEIPIHKTNFSETKISSLAIDKKYTSQELSQETLNFIAACSQAKSEAFQSKTDLQIVSDFVYPVQEVHFTSPFYKRRIYNKTKGKPHGGVDFKGAVGTPIYAINDGTVILSRPMYYEGNLTVIDHGLEVYSLYMHQSELNVKVGDKVKKGSQIGKVGSTGMSTGPHLHLGLRVQGTMVDPLSVIGQKFFD*"
"20",78,"MTLPSSASKEVRSLFDKVAGPWGAIPILAQIGVTRWKTSIFPEKNSTKFVLPLKVEVRKREKIIVGRKICASITIQF*"
"21",76,"MKSLWKKFFRVLRWNKEVRLVRNHKMNTMRRKSVGTTTHCPHFWMNFDARIYITAVLNFTICTSSLDSPKDFKKS*"
"22",366,"MKWLLKIPGWKKLQSFLMKLQELSFLRKLYLVYSVIGISFLILHENHLPIFFILLLVAGAYLIATIFFFVISFAFGKLLKQEPIKKYKIGPNSATTYDAVRILLNPIVEGIVFICCILSLFFTDFYSNRSGIIFIAVYCVVGFILRFLESTVFYRISLLGLMVLTAGLLSFKALQQAEILTSYLLFKPTWEQKELTNWNYDSESRILKNLDIQIQLSLPEDFYFHNPKNLTLKDQTGTGQIAGIISSSETDPNRYPSIRIFYFPEPFLEIDKIKPEFVKFLDLSVNQGEMVEVHELGEENFEKRMDGVFWTYYDNLRPRYAKTGFFIASGNKLPDSFLFHISESLVKGRAHEEPVEKILQSFKME*"
"23",199,"MSQITDFFLDLKTSFNSLSQSIQSFLDTIGMITSFLKILFSIVPLDLFLVLIFSLILVFLLNTISPTTSRLNYTLSVLVVSTIRVFFHKSISQTWNLGPVLLTAIYLLIPAYSVLLFRFVFSSLKKFYKKKRELNPKDFENGLMNIQKSFHNLMAKGYEELHSTDKKLYLDGNTLKEQVADLERTIQGLKNFLDSKKD*"
"24",110,"MQTDDKKYVRVWKKLSVSEVSSQLMLIDDLYGTCGNCKHLGLNYTKDKSCPECKTKFRYLATNSKSQTEIAKILNRLEKENLDLVLIDRDDFNQSKAKDAIKDLFKPKE*"
"25",127,"MQMKLLSIRTYFIFFTTLIITGNCLYTNVKTPGWFYSQSYTDVRGMDPVGKLSGQACGEGWLWLVYTGDESYEAAVQNAIQDKADLLFDVQTDYYVKSIFFNLYFYKCTRVTGIGVKLPQRLMKKE*"
"26",129,"MTGKQKAILILSSLSGFLGVALGAFGAHALKPILTPELFAIYETGNRYHLIHSIPPLILAITGYVNNSQVIWFSSILFLTGILVFSGSLYILAIAGIKILGAITPVGGIAFLIAWGLLSFYAILSKAD*"
"27",90,"MALYYLCNEAPPQTLALAFLIGDSKVCGSMLGVLEGKRREYVHQLMAEQKEAEIAKKESAVQGLLIIAEGLITRRLIEKKGKFYYGTKR*"
"28",535,"MVRVLVNLKEEFLLSTEMKEYENLFTEQIRRELKSFTEYRIAYQEIWTLRNVLSVLQWDSEIILPEEGREERGSQIGLLSGLIHSKYAGESFYKLAEKAREENEQKNLPGQAERKIEFERLFQDLDRSRRLPQELVEEFSVTTSKAHSIWVKAKKENRFADFAQILSKIVELSKKQAECYGYQTEAYDALLESYEPGEKAKDIDKLFFNLKNSLKPLIAKGKKVANPFLKEVPVFLQNKLGEALPGILGLSSGISRLDASEHPFSTSLGSKDKRITTRYDLKDPLSSIFSILHETGHSLYEVGISEINGGPSPLHDSVSLGIHESQSRLWENQVGRSKEFWEMYYPIFLNTLNIKESELSFSKLFSYINQSAASLIRVEADQITYNLHIILRFEIERELINGEIQVPELPEVWNSKMKEIFGITVPSDKEGVLQDVHWSGGAFGYFPTYTLGNIYSAQLFQTFSKENSNFQLEVKQRKDFSSLLNWLKRNVHWKGKFYSAKDLIRSATGSDPDSSYLIQYLEKKLIELESTDHG*"
"29",91,"MRLFTCKKYNFLIEKNLPSFPASSPHHPKSGWGRACFTEDLSEFQQIYLRIQVLVGKVVDSQSRIPARLCSEASHFGLGTSCSSEAFLRS*"
